cube_size,cube_breadth,cube_height,pore_dia,set_margin,shape,num_holes_w,num_holes_b,num_holes_h,equ_stress,equ_Strain,normal_str_z,MaxPrincipal,Max_Deformation,Porosity (%),shape_name,pore_area,STL FILE NAME,Solid Volume,Bounding Box Volume,equ_Min_Stress,Max_NormalZ,Max_MaxPrincipal,Min_Strain,Min_Deformation
10,10,10,0,0,0,0,0,0,69224.58349,1.98E-05,-81741.64844,-21073.66305,2.25E-06,0,NA,0,structure_cube_10*10*10.stl,1000,1000,11594.08105,-23332.3457,9231.308311,3.31E-06,0
12.7,12.7,25.4,0,0,0,0,0,0,37848.53347,1.08E-05,-44659.04688,-11399.13447,3.49E-06,0,NA,0,structure_cube_12.7*12.7*25.4.stl,4096.766,4096.766,7264.859114,-13996.68359,4983.780586,2.09E-06,0
12.7,12.7,25.4,0.8,1,5,4,4,9,49040.95506,1.60E-05,-68639.69648,-20735.92133,4.32E-06,8.967073052,DIAMOND,0.32,structure_DIAMOND_cube_12.70x12.70x25.40_holes4x4x9_pore0.800_thick_2.5x2.5x2.0250000000000004_outthick_1.0.stl,3729.406,4096.766,1873.247574,10167.44486,14413.09672,8.07E-07,0
12.7,12.7,25.4,0.8,1,5,5,5,10,47516.06544,1.66E-05,-66855.15483,-19752.90295,4.63E-06,12.53670571,DIAMOND,0.32,structure_DIAMOND_cube_12.70x12.70x25.40_holes5x5x10_pore0.800_thick_1.6749999999999996x1.6749999999999996x1.711111111111111_outthick_1.0.stl,3583.166503,4096.766,1321.404933,9363.525869,12863.95119,8.33E-07,0
12.7,12.7,25.4,0.8,1,5,6,6,13,53552.53402,1.79E-05,-75720.93398,-24100.62719,5.33E-06,18.23097475,DIAMOND,0.32,structure_DIAMOND_cube_12.70x12.70x25.40_holes6x6x13_pore0.800_thick_1.1799999999999997x1.1799999999999997x1.0833333333333333_outthick_1.0.stl,3349.885625,4096.766,952.5522874,9119.170388,14197.27475,8.78E-07,0
12.7,12.7,25.4,1.3,1,2,3,3,7,129957.4734,3.72E-05,-142137.8328,-27035.16988,5.69E-06,19.81631362,CIRCLE,1.327322896,structure_CIRCLE_cube_12.70x12.70x25.40_holes3x3x7_pore1.300_thick_3.3999999999999995x3.3999999999999995x2.3833333333333337_outthick_1.0.stl,3284.938001,4096.766,96.22827183,8567.140172,34972.26048,2.75E-08,0
12.7,12.7,25.4,1.3,1,4,3,3,7,102192.1332,2.98E-05,-116859.2656,-20041.36388,5.11E-06,15.54614203,PENTAGON,1.110606974,structure_PENTAGON_cube_12.70x12.70x25.40_holes3x3x7_pore1.300_thick_3.3999999999999995x3.3999999999999995x2.3833333333333337_outthick_1.0.stl,3459.876939,4096.766,1400.784298,23978.05298,35474.57061,4.00E-07,0
12.7,12.7,25.4,1.3,1,2,4,4,8,152096.1466,4.35E-05,-166771.0703,-30333.9304,6.95E-06,29.65979685,CIRCLE,1.327322896,structure_CIRCLE_cube_12.70x12.70x25.40_holes4x4x8_pore1.300_thick_1.8333333333333328x1.8333333333333328x1.857142857142857_outthick_1.0.stl,2881.673527,4096.766,59.62993381,10355.36389,37925.31368,1.70E-08,0
12.7,12.7,25.4,1.3,1,4,4,4,8,108699.5189,3.21E-05,-124182.6667,-20940.81465,6.02E-06,23.51867618,PENTAGON,1.110606974,structure_PENTAGON_cube_12.70x12.70x25.40_holes4x4x8_pore1.300_thick_1.8333333333333328x1.8333333333333328x1.857142857142857_outthick_1.0.stl,3133.260871,4096.766,1771.084389,23435.56799,31723.73238,8.20E-07,0
12.7,12.7,25.4,1.3,1,2,5,5,10,173243.202,4.95E-05,-187630.2891,-35026.71054,9.62E-06,42.581792,CIRCLE,1.327322896,structure_CIRCLE_cube_12.70x12.70x25.40_holes5x5x10_pore1.300_thick_1.0499999999999996x1.0499999999999996x1.1555555555555557_outthick_1.0.stl,2352.289623,4096.766,116.1976203,21994.11121,34165.93052,3.32E-08,0
12.7,12.7,25.4,1.3,1,4,5,5,10,121445.3162,3.66E-05,-137124.7219,-25835.4213,7.82E-06,34.25676893,PENTAGON,1.110606974,structure_PENTAGON_cube_12.70x12.70x25.40_holes5x5x10_pore1.300_thick_1.0499999999999996x1.0499999999999996x1.1555555555555557_outthick_1.0.stl,2693.346338,4096.766,1629.03324,34927.09143,35526.21929,7.90E-07,0
12.7,12.7,25.4,1.4,1,2,3,3,7,136893.9493,3.92E-05,-147967.2844,-29262.30413,6.07E-06,22.5593527,CIRCLE,1.5393804,structure_CIRCLE_cube_12.70x12.70x25.40_holes3x3x7_pore1.400_thick_3.2500000000000004x3.2500000000000004x2.2666666666666666_outthick_1.0.stl,3172.562109,4096.766,60.48779975,8452.976172,38826.34046,1.73E-08,0
12.7,12.7,25.4,1.4,1,4,3,3,7,107491.6967,3.14E-05,-122412.6771,-20230.31188,5.40E-06,17.74964085,PENTAGON,1.288041225,structure_PENTAGON_cube_12.70x12.70x25.40_holes3x3x7_pore1.400_thick_3.2500000000000004x3.2500000000000004x2.2666666666666666_outthick_1.0.stl,3369.604749,4096.766,1280.510726,23084.74658,35291.76111,6.22E-07,0
12.7,12.7,25.4,1.4,1,2,4,4,8,158401.5812,4.53E-05,-166568.925,-28288.84121,7.64E-06,33.53918947,CIRCLE,1.5393804,structure_CIRCLE_cube_12.70x12.70x25.40_holes4x4x8_pore1.400_thick_1.6999999999999997x1.6999999999999997x1.7428571428571424_outthick_1.0.stl,2722.743889,4096.766,33.84579794,13240.8833,38029.28362,9.67E-09,0
12.7,12.7,25.4,1.4,1,4,4,4,8,117110.4903,3.41E-05,-133231.4635,-22633.46931,6.50E-06,26.70692996,PENTAGON,1.288041225,structure_PENTAGON_cube_12.70x12.70x25.40_holes4x4x8_pore1.400_thick_1.6999999999999997x1.6999999999999997x1.7428571428571424_outthick_1.0.stl,3002.645574,4096.766,1421.488826,19757.22863,36921.33811,4.54E-07,0
12.7,12.7,25.4,1.4,1,2,4,4,10,150104.5482,4.29E-05,-152834.8234,-30510.79131,8.26E-06,38.12677807,CIRCLE,1.5393804,structure_CIRCLE_cube_12.70x12.70x25.40_holes4x4x10_pore1.400_thick_1.6999999999999997x1.6999999999999997x1.0444444444444443_outthick_1.0.stl,2534.801119,4096.766,49.33981852,13855.20378,34287.61831,1.41E-08,0
12.7,12.7,25.4,1.4,1,4,4,4,10,117034.6726,3.43E-05,-132710.1875,-22607.34372,6.98E-06,30.49436263,PENTAGON,1.288041225,structure_PENTAGON_cube_12.70x12.70x25.40_holes4x4x10_pore1.400_thick_1.6999999999999997x1.6999999999999997x1.0444444444444443_outthick_1.0.stl,2847.48332,4096.766,1052.840994,27909.27653,29402.24115,3.01E-07,0
12.7,12.7,25.4,1.4,1,2,5,5,12,190196.9536,5.44E-05,-216560.4063,-39651.19768,1.23E-05,52.50170046,CIRCLE,1.5393804,structure_CIRCLE_cube_12.70x12.70x25.40_holes5x5x12_pore1.400_thick_0.9249999999999998x0.9249999999999998x0.6000000000000001_outthick_1.0.stl,1945.894186,4096.766,32.677202,23374.04215,39160.95891,9.34E-09,0
12.7,12.7,25.4,1.4,1,4,5,5,12,131921.8447,3.87E-05,-147110.1927,-26771.37284,9.56E-06,42.73035807,PENTAGON,1.288041225,structure_PENTAGON_cube_12.70x12.70x25.40_holes5x5x12_pore1.400_thick_0.9249999999999998x0.9249999999999998x0.6000000000000001_outthick_1.0.stl,2346.203219,4096.766,606.9597688,24658.23555,36527.06438,9.09E-07,0
12.7,12.7,25.4,1.5,1,2,3,3,7,167574.178,4.79E-05,-177218.9453,-25794.47606,6.50E-06,25.41178669,CIRCLE,1.767145868,structure_CIRCLE_cube_12.70x12.70x25.40_holes3x3x7_pore1.500_thick_3.0999999999999996x3.0999999999999996x2.15_outthick_1.0.stl,3055.704563,4096.766,55.83574363,9051.848926,41833.16354,1.60E-08,0
12.7,12.7,25.4,1.5,1,4,3,3,7,120799.281,3.55E-05,-136662.2839,-21029.07094,5.70E-06,20.05448956,PENTAGON,1.478618753,structure_PENTAGON_cube_12.70x12.70x25.40_holes3x3x7_pore1.500_thick_3.0999999999999996x3.0999999999999996x2.15_outthick_1.0.stl,3275.18049,4096.766,1282.794105,29049.12162,33855.43965,3.67E-07,0
12.7,12.7,25.4,1.5,1,2,4,4,8,185664.1937,5.31E-05,-194567.4766,-29396.43727,8.46E-06,37.51538952,CIRCLE,1.767145868,structure_CIRCLE_cube_12.70x12.70x25.40_holes4x4x8_pore1.500_thick_1.5666666666666664x1.5666666666666664x1.6285714285714281_outthick_1.0.stl,2559.848278,4096.766,66.07421418,14171.01744,43301.1459,1.89E-08,0
12.7,12.7,25.4,1.5,1,4,4,4,8,129315.0441,3.80E-05,-146343.8125,-24708.2743,7.05E-06,30.00548362,PENTAGON,1.478618753,structure_PENTAGON_cube_12.70x12.70x25.40_holes4x4x8_pore1.500_thick_1.5666666666666664x1.5666666666666664x1.6285714285714281_outthick_1.0.stl,2867.511549,4096.766,724.1321416,28378.33626,36331.8417,6.97E-07,0
12.7,12.7,25.4,1.5,1,2,4,4,9,187831.7972,5.37E-05,-198146.4531,-32799.33618,8.86E-06,40.02529865,CIRCLE,1.767145868,structure_CIRCLE_cube_12.70x12.70x25.40_holes4x4x9_pore1.500_thick_1.5666666666666664x1.5666666666666664x1.2374999999999998_outthick_1.0.stl,2457.023174,4096.766,70.29381404,11017.45251,42198.46293,2.01E-08,0
12.7,12.7,25.4,1.5,1,4,4,4,9,121728.0927,3.58E-05,-137159.4323,-26270.86548,7.36E-06,32.09771855,PENTAGON,1.478618753,structure_PENTAGON_cube_12.70x12.70x25.40_holes4x4x9_pore1.500_thick_1.5666666666666664x1.5666666666666664x1.2374999999999998_outthick_1.0.stl,2781.79758,4096.766,1281.055589,28399.09273,32700.02827,5.94E-07,0
12.7,12.7,25.4,1.5,1,2,5,5,11,251770.4978,7.20E-05,-265124.7734,-37083.18672,1.40E-05,55.39883003,CIRCLE,1.767145868,structure_CIRCLE_cube_12.70x12.70x25.40_holes5x5x11_pore1.500_thick_0.7999999999999998x0.7999999999999998x0.69_outthick_1.0.stl,1827.205567,4096.766,73.04913531,13450.92227,41996.85358,2.09E-08,0
12.7,12.7,25.4,1.5,1,4,5,5,11,145188.956,4.26E-05,-161878.8125,-31064.57744,1.06E-05,45.28939148,PENTAGON,1.478618753,structure_PENTAGON_cube_12.70x12.70x25.40_holes5x5x11_pore1.500_thick_0.7999999999999998x0.7999999999999998x0.69_outthick_1.0.stl,2241.365608,4096.766,916.0801773,25378.85881,38156.08497,9.55E-07,0
12.7,12.7,25.4,0.8,1,3,4,4,9,91449.22536,2.68E-05,-106072.3385,-15331.94801,4.52E-06,11.49406799,HEXAGON,0.415692194,structure_HEXAGON_cube_12.70x12.70x25.40_holes4x4x9_pore0.800_thick_2.5x2.5x2.0250000000000004_outthick_1.0.stl,3625.880931,4096.766,1003.996652,12844.93167,21239.23857,3.13E-07,0
12.7,12.7,25.4,0.8,1,3,5,5,10,97897.60478,2.87E-05,-112803.388,-17802.40171,4.95E-06,16.01745527,HEXAGON,0.415692194,structure_HEXAGON_cube_12.70x12.70x25.40_holes5x5x10_pore0.800_thick_1.6749999999999996x1.6749999999999996x1.711111111111111_outthick_1.0.stl,3440.568338,4096.766,464.7651699,12908.28008,20579.77177,1.33E-07,0
12.7,12.7,25.4,0.8,1,3,6,6,13,105335.6198,3.08E-05,-120764.2214,-17227.26265,5.80E-06,23.18071346,HEXAGON,0.415692194,structure_HEXAGON_cube_12.70x12.70x25.40_holes6x6x13_pore0.800_thick_1.1799999999999997x1.1799999999999997x1.0833333333333333_outthick_1.0.stl,3147.106413,4096.766,598.772183,12528.6984,18439.47488,1.71E-07,0
12.7,12.7,25.4,1.5,1,1,5,5,11,121266.8175,3.49E-05,-141310.5879,-49390.24539,1.88E-05,66.29009321,SQUARE,2.25,structure_SQUARE_cube_12.70x12.70x25.40_holes5x5x11_pore1.500_thick_0.7999999999999998x0.7999999999999998x0.69_outthick_1.0.stl,1381.016,4096.766,4413.920888,35784.15885,38421.60592,3.01E-06,0
12.7,12.7,25.4,1.4,1,1,5,5,12,110982.6624,3.17E-05,-119302.4375,-41785.65543,1.59E-05,63.10441357,SQUARE,1.96,structure_SQUARE_cube_12.70x12.70x25.40_holes5x5x12_pore1.400_thick_0.9249999999999998x0.9249999999999998x0.6000000000000001_outthick_1.0.stl,1511.52584,4096.766,3399.128441,33249.99105,33347.41668,2.63E-06,0
12.7,12.7,25.4,1.3,1,1,5,5,10,86779.56592,2.48E-05,-103697.709,-36407.74701,1.20E-05,51.77133582,SQUARE,1.69,structure_SQUARE_cube_12.70x12.70x25.40_holes5x5x10_pore1.300_thick_1.0499999999999996x1.0499999999999996x1.1555555555555557_outthick_1.0.stl,1975.815516,4096.766,2560.98235,8467.661835,18240.24435,1.51E-06,0
12.7,12.7,25.4,1.5,1,1,4,4,9,82364.97039,2.36E-05,-94156.86523,-33019.24881,1.05E-05,48.81406597,SQUARE,2.25,structure_SQUARE_cube_12.70x12.70x25.40_holes4x4x9_pore1.500_thick_1.5666666666666664x1.5666666666666664x1.2374999999999998_outthick_1.0.stl,2096.967942,4096.766,1897.173313,8514.675242,25720.76904,1.45E-06,0
12.7,12.7,25.4,1.4,1,1,4,4,10,69962.5128,2.01E-05,-86857.83398,-30597.46812,9.64E-06,46.61785259,SQUARE,1.96,structure_SQUARE_cube_12.70x12.70x25.40_holes4x4x10_pore1.400_thick_1.6999999999999997x1.6999999999999997x1.0444444444444443_outthick_1.0.stl,2186.941665,4096.766,1785.526634,11471.64669,18100.0464,1.93E-06,0
12.7,12.7,25.4,1.5,1,1,4,4,8,78662.161,2.25E-05,-92985.39844,-28744.2358,1.02E-05,45.87030049,SQUARE,2.25,structure_SQUARE_cube_12.70x12.70x25.40_holes4x4x8_pore1.500_thick_1.5666666666666664x1.5666666666666664x1.6285714285714281_outthick_1.0.stl,2217.567126,4096.766,1866.132109,13486.4635,26842.47238,1.81E-06,0
12.7,12.7,25.4,1.4,1,1,4,4,8,70502.26242,2.02E-05,-87996.1582,-30999.75854,8.98E-06,41.1829466,SQUARE,1.96,structure_SQUARE_cube_12.70x12.70x25.40_holes4x4x8_pore1.400_thick_1.6999999999999997x1.6999999999999997x1.7428571428571424_outthick_1.0.stl,2409.597046,4096.766,2243.930819,9804.86145,18744.04707,1.97E-06,0
12.7,12.7,25.4,1.3,1,1,4,4,8,62058.34635,1.90E-05,-80015.00195,-28385.00395,7.95E-06,36.56587513,SQUARE,1.69,structure_SQUARE_cube_12.70x12.70x25.40_holes4x4x8_pore1.300_thick_1.8333333333333328x1.8333333333333328x1.857142857142857_outthick_1.0.stl,2598.74766,4096.766,2167.021803,6981.49707,18894.59314,1.81E-06,0
12.7,12.7,25.4,0.8,1,1,6,6,13,52237.21827,1.54E-05,-70039.94141,-25396.46946,7.16E-06,33.53749315,SQUARE,0.64,structure_SQUARE_cube_12.70x12.70x25.40_holes6x6x13_pore0.800_thick_1.1799999999999997x1.1799999999999997x1.0833333333333333_outthick_1.0.stl,2722.813383,4096.766,4749.027791,-3499.899307,10201.81147,1.63E-06,0
12.7,12.7,25.4,1.5,1,1,3,3,7,58202.15498,1.83E-05,-70021.79948,-26146.08179,7.27E-06,31.46994483,SQUARE,2.25,structure_SQUARE_cube_12.70x12.70x25.40_holes3x3x7_pore1.500_thick_3.0999999999999996x3.0999999999999996x2.15_outthick_1.0.stl,2807.516,4096.766,986.30441,8185.36554,20403.2722,1.71E-06,0
12.7,12.7,25.4,1.4,1,1,3,3,7,55397.16007,1.74E-05,-70002.44922,-24703.95622,6.72E-06,28.01663556,SQUARE,1.96,structure_SQUARE_cube_12.70x12.70x25.40_holes3x3x7_pore1.400_thick_3.2500000000000004x3.2500000000000004x2.2666666666666666_outthick_1.0.stl,2948.99,4096.766,611.2272975,5829.111389,19192.23333,1.61E-06,0
12.7,12.7,25.4,1.3,1,1,3,3,7,53545.93683,1.66E-05,-63490.08789,-20531.1164,6.23E-06,24.67697691,SQUARE,1.69,structure_SQUARE_cube_12.70x12.70x25.40_holes3x3x7_pore1.300_thick_3.3999999999999995x3.3999999999999995x2.3833333333333337_outthick_1.0.stl,3085.808,4096.766,2569.979159,4666.11141,18217.21244,1.31E-06,0
12.7,12.7,25.4,0.8,1,1,5,5,10,46654.44658,1.44E-05,-62811.36523,-23033.87521,5.74E-06,23.51120774,SQUARE,0.64,structure_SQUARE_cube_12.70x12.70x25.40_holes5x5x10_pore0.800_thick_1.6749999999999996x1.6749999999999996x1.711111111111111_outthick_1.0.stl,3133.566835,4096.766,4265.490789,-993.2287788,13452.53722,1.92E-06,0
12.7,12.7,25.4,0.8,1,1,4,4,9,41351.57632,1.29E-05,-55454.20768,-17425.51376,5.04E-06,17.03431438,SQUARE,0.64,structure_SQUARE_cube_12.70x12.70x25.40_holes4x4x9_pore0.800_thick_2.5x2.5x2.0250000000000004_outthick_1.0.stl,3398.91,4096.766,4386.004078,-2888.512207,9323.200853,1.67E-06,0
12.7,12.7,25.4,0.5,1,1,15,15,33,122779.7266,3.51E-05,-121516.2044,-31694.88252,1.92E-05,66.29009407,SQUARE,0.25,structure_SQUARE_cube_12.70x12.70x25.40_holes15x15x33_pore0.500_thick_0.22857142857142854x0.22857142857142854x0.21562499999999996_outthick_1.0.stl,1381.015903,4096.765815,8088.442588,43519.07585,43519.53838,2.57E-06,0
12.7,12.7,25.4,0.5,0.5,1,13,13,27,93024.65426,2.67E-05,-102892.0625,-35157.94617,1.18E-05,52.75502583,SQUARE,0.25,structure_SQUARE_cube_12.70x12.70x25.40_holes13x13x27_pore0.500_thick_0.43333333333333335x0.43333333333333335x0.4192307692307692_outthick_0.5.stl,1935.515951,4096.765815,3018.858732,10997.68424,18920.59944,1.97E-06,0
12.7,12.7,25.4,0.6,0.5,1,14,14,30,175940.7899,5.06E-05,-181204.8398,-61073.15862,2.71E-05,75.48744357,SQUARE,0.36,structure_SQUARE_cube_12.70x12.70x25.40_holes14x14x30_pore0.600_thick_0.2538461538461537x0.2538461538461537x0.22068965517241368_outthick_0.5.stl,1004.222032,4096.765815,4340.123335,50750.42122,50750.77921,3.10E-06,0
12.7,12.7,25.4,0.7,1,1,12,12,26,305557.3636,8.77E-05,-279803.2441,-55146.99736,3.39E-05,75.84010461,SQUARE,0.49,structure_SQUARE_cube_12.70x12.70x25.40_holes12x12x26_pore0.700_thick_0.20909090909090922x0.20909090909090922x0.20799999999999996_outthick_1.0.stl,989.7743353,4096.765815,1492.311617,71498.59976,125078.0219,1.44E-06,0
12.7,12.7,25.4,0.7,0.5,1,10,10,22,113350.7319,3.32E-05,-116659.2363,-39974.91407,1.48E-05,60.37737402,SQUARE,0.49,structure_SQUARE_cube_12.70x12.70x25.40_holes10x10x22_pore0.700_thick_0.5222222222222221x0.5222222222222221x0.4285714285714286_outthick_0.5.stl,1623.246196,4096.765815,2653.72549,24009.50757,24254.9854,2.49E-06,0
12.7,12.7,25.4,0.7,1,1,10,10,21,126807.2848,3.63E-05,-117981.3796,-32711.76877,1.51E-05,59.01386291,SQUARE,0.49,structure_SQUARE_cube_12.70x12.70x25.40_holes10x10x21_pore0.700_thick_0.411111111111111x0.411111111111111x0.43499999999999983_outthick_1.0.stl,1679.106054,4096.765815,4387.764478,25106.60384,28932.84154,1.71E-06,0
12.7,12.7,25.4,0.8,1,1,10,10,23,260692.7543,7.48E-05,-235712.4805,-45122.19898,2.72E-05,73.45501265,SQUARE,0.64,structure_SQUARE_cube_12.70x12.70x25.40_holes10x10x23_pore0.800_thick_0.30000000000000004x0.30000000000000004x0.22727272727272707_outthick_1.0.stl,1087.485967,4096.765815,2528.034306,59386.23779,104370.7196,9.41E-07,0
12.7,12.7,25.4,0.8,0.5,1,10,10,20,143861.7196,4.12E-05,-157799.1055,-53128.8985,2.11E-05,69.04958129,SQUARE,0.64,structure_SQUARE_cube_12.70x12.70x25.40_holes10x10x20_pore0.800_thick_0.411111111111111x0.411111111111111x0.44210526315789456_outthick_0.5.stl,1267.966173,4096.765815,1655.608622,34031.88306,34175.08904,2.81E-06,0
12.7,12.7,25.4,0.8,1,1,8,8,17,90788.88414,2.60E-05,-92358.02214,-29088.76036,1.20E-05,52.16524304,SQUARE,0.64,structure_SQUARE_cube_12.70x12.70x25.40_holes8x8x17_pore0.800_thick_0.6142857142857141x0.6142857142857141x0.6124999999999998_outthick_1.0.stl,1959.677971,4096.765815,2542.992413,15488.02775,19335.01452,2.03E-06,0
12.7,12.7,25.4,0.8,0.5,1,8,8,17,81948.89092,2.36E-05,-104501.4863,-35147.16464,1.15E-05,52.16524258,SQUARE,0.64,structure_SQUARE_cube_12.70x12.70x25.40_holes8x8x17_pore0.800_thick_0.7571428571428569x0.7571428571428569x0.6749999999999998_outthick_0.5.stl,1959.67799,4096.765815,1369.251351,9765.633634,18830.73774,2.13E-06,0
12.7,12.7,25.4,0.6,1,1,13,13,29,144625.7616,4.14E-05,-141017.8203,-35076.16029,2.25E-05,70.18687267,SQUARE,0.36,structure_SQUARE_cube_12.70x12.70x25.40_holes13x13x29_pore0.600_thick_0.24166666666666659x0.24166666666666659x0.2142857142857143_outthick_1.0.stl,1221.374009,4096.765815,7778.383853,48970.52376,52781.57636,2.40E-06,0
12.7,12.7,25.4,0.8,0.5,3,11,11,24,207538.7916,6.04E-05,-240149.0208,-31801.87613,1.65E-05,60.58490979,HEXAGON,0.415692194,structure_HEXAGON_cube_12.70x12.70x25.40_holes11x11x24_pore0.800_thick_0.2899999999999998x0.2899999999999998x0.22608695652173894_outthick_0.5.stl,1614.743942,4096.765815,599.8449555,36579.39111,38643.56453,8.75E-07,0
12.7,12.7,25.4,0.8,0.5,4,11,11,24,193069.3154,5.73E-05,-237078.375,-46566.56482,1.49E-05,56.98840253,PENTAGON,1.101105536,structure_PENTAGON_cube_12.70x12.70x25.40_holes11x11x24_pore0.800_thick_0.2899999999999998x0.2899999999999998x0.22608695652173894_outthick_0.5.stl,1762.084422,4096.765815,960.5512258,39453.14624,40495.86123,1.13E-06,0
12.7,12.7,25.4,0.8,1,3,10,10,23,173202.2722,5.14E-05,-200167.4111,-28368.051,1.36E-05,54.44667958,HEXAGON,0.415692194,structure_HEXAGON_cube_12.70x12.70x25.40_holes10x10x23_pore0.800_thick_0.30000000000000004x0.30000000000000004x0.22727272727272707_outthick_1.0.stl,1866.212859,4096.765815,1834.90021,32330.69477,34275.29397,8.22E-07,0
12.7,12.7,25.4,0.8,0.5,3,10,10,20,176582.3318,5.14E-05,-203719.151,-28552.78831,1.20E-05,50.70662578,HEXAGON,0.415692194,structure_HEXAGON_cube_12.70x12.70x25.40_holes10x10x20_pore0.800_thick_0.411111111111111x0.411111111111111x0.44210526315789456_outthick_0.5.stl,2019.434104,4096.765815,1111.712902,31649.25574,31973.61627,1.08E-06,0
12.7,12.7,25.4,0.8,0.5,5,11,11,24,102466.05,3.99E-05,-150298.2435,-47948.58956,1.29E-05,49.16424872,DIAMOND,0.32,structure_DIAMOND_cube_12.70x12.70x25.40_holes11x11x24_pore0.800_thick_0.2899999999999998x0.2899999999999998x0.22608695652173894_outthick_0.5.stl,2082.62168,4096.765815,226.095841,28578.33099,31060.01479,1.46E-06,0
12.7,12.7,25.4,0.6,1,4,13,13,29,171753.7404,5.02E-05,-209458.5145,-41166.0204,1.14E-05,48.3608337,PENTAGON,0.619371864,structure_PENTAGON_cube_12.70x12.70x25.40_holes13x13x29_pore0.600_thick_0.24166666666666659x0.24166666666666659x0.2142857142857143_outthick_1.0.stl,2115.535712,4096.765815,725.55151,35001.86523,35958.27484,1.04E-06,0
12.7,12.7,25.4,0.8,0.5,4,10,10,20,158005.1298,4.65E-05,-190532.3734,-40709.32033,1.11E-05,47.46766014,PENTAGON,1.101105536,structure_PENTAGON_cube_12.70x12.70x25.40_holes10x10x20_pore0.800_thick_0.411111111111111x0.411111111111111x0.44210526315789456_outthick_0.5.stl,2152.126941,4096.765815,1266.344306,35643.50891,38908.92645,1.30E-06,0
12.7,12.7,25.4,0.7,1,5,12,12,26,99623.79301,3.78E-05,-148660.5711,-49097.68073,1.19E-05,45.75667046,DIAMOND,0.245,structure_DIAMOND_cube_12.70x12.70x25.40_holes12x12x26_pore0.700_thick_0.20909090909090922x0.20909090909090922x0.20799999999999996_outthick_1.0.stl,2222.222182,4096.765815,533.1885712,27601.54941,31124.93876,1.09E-06,0
12.7,12.7,25.4,0.8,1,3,9,9,19,146399.5303,4.29E-05,-168733.5547,-25067.11665,1.01E-05,44.4697324,HEXAGON,0.415692194,structure_HEXAGON_cube_12.70x12.70x25.40_holes9x9x19_pore0.800_thick_0.4374999999999998x0.4374999999999998x0.4555555555555555_outthick_1.0.stl,2274.94502,4096.765815,1403.5419,24863.3129,26074.58554,8.81E-07,0
12.7,12.7,25.4,0.8,1,5,10,10,23,91528.44787,3.53E-05,-132531.2513,-44030.24154,1.10E-05,43.9136624,DIAMOND,0.32,structure_DIAMOND_cube_12.70x12.70x25.40_holes10x10x23_pore0.800_thick_0.30000000000000004x0.30000000000000004x0.22727272727272707_outthick_1.0.stl,2297.725906,4096.765815,308.8751009,31905.93325,32016.53959,1.29E-06,0
12.7,12.7,25.4,0.7,0.5,3,10,10,22,135029.1536,3.91E-05,-151838.6172,-23519.42768,9.57E-06,43.53281032,HEXAGON,0.318264336,structure_HEXAGON_cube_12.70x12.70x25.40_holes10x10x22_pore0.700_thick_0.5222222222222221x0.5222222222222221x0.4285714285714286_outthick_0.5.stl,2313.328524,4096.765815,1430.379005,24322.14307,24902.1904,1.21E-06,0
12.7,12.7,25.4,0.7,1,3,10,10,21,135678.8197,3.94E-05,-154870.6219,-24182.436,9.53E-06,42.45097927,HEXAGON,0.318264336,structure_HEXAGON_cube_12.70x12.70x25.40_holes10x10x21_pore0.700_thick_0.411111111111111x0.411111111111111x0.43499999999999983_outthick_1.0.stl,2357.648608,4096.765815,821.1520583,25039.49892,26842.24366,9.60E-07,0
12.7,12.7,25.4,0.6,1,5,13,13,29,90078.78462,3.62E-05,-135735.6035,-42648.43925,1.02E-05,41.55350523,DIAMOND,0.18,structure_DIAMOND_cube_12.70x12.70x25.40_holes13x13x29_pore0.600_thick_0.24166666666666659x0.24166666666666659x0.2142857142857143_outthick_1.0.stl,2394.416018,4096.765815,382.2450778,25731.36119,29154.42537,1.08E-06,0
12.7,12.7,25.4,0.8,1,4,9,9,19,134903.4436,3.99E-05,-169260.1172,-37131.68504,9.31E-06,41.5148552,PENTAGON,1.101105536,structure_PENTAGON_cube_12.70x12.70x25.40_holes9x9x19_pore0.800_thick_0.4374999999999998x0.4374999999999998x0.4555555555555555_outthick_1.0.stl,2395.999419,4096.765815,1042.368052,24466.34526,36877.47978,1.27E-06,0
12.7,12.7,25.4,0.8,0.5,5,10,10,20,97855.29156,3.38E-05,-126562.7415,-39321.6344,9.72E-06,40.77362066,DIAMOND,0.32,structure_DIAMOND_cube_12.70x12.70x25.40_holes10x10x20_pore0.800_thick_0.411111111111111x0.411111111111111x0.44210526315789456_outthick_0.5.stl,2426.366063,4096.765815,317.3409095,21702.86884,24216.81685,9.86E-07,0
12.7,12.7,25.4,0.7,0.5,4,10,10,22,130708.5444,3.84E-05,-158029.7391,-33437.54653,8.77E-06,40.62277743,PENTAGON,0.843033926,structure_PENTAGON_cube_12.70x12.70x25.40_holes10x10x22_pore0.700_thick_0.5222222222222221x0.5222222222222221x0.4285714285714286_outthick_0.5.stl,2432.545756,4096.765815,1326.162934,23593.07086,33646.45981,1.13E-06,0
12.7,12.7,25.4,0.6,0.5,4,12,12,24,123961.1956,3.66E-05,-156613.7645,-34779.25273,8.84E-06,40.33538272,PENTAGON,0.619371864,structure_PENTAGON_cube_12.70x12.70x25.40_holes12x12x24_pore0.600_thick_0.40909090909090906x0.40909090909090906x0.4347826086956522_outthick_0.5.stl,2444.319644,4096.765815,991.6181857,29188.85973,35329.74296,1.22E-06,0
12.7,12.7,25.4,1,1,1,5,5,12,53295.74338,1.56E-05,-73294.0625,-23113.25422,7.92E-06,38.0543993,SQUARE,1,structure_SQUARE_cube_12.70x12.70x25.40_holes5x5x12_pore1.000_thick_1.4249999999999998x1.4249999999999998x1.0363636363636362_outthick_1.0.stl,2537.766308,4096.766,3119.223941,2239.626094,13292.91667,1.67E-06,0
12.7,12.7,25.4,1,1,2,5,5,12,113564.9519,3.25E-05,-142296.2943,-31800.3411,6.88E-06,30.8957035,CIRCLE,0.785398163,structure_CIRCLE_cube_12.70x12.70x25.40_holes5x5x12_pore1.000_thick_1.4249999999999998x1.4249999999999998x1.0363636363636362_outthick_1.0.stl,2831.041323,4096.766,217.1188164,7574.015869,24956.74597,6.20E-08,0
12.7,12.7,25.4,1,1,3,5,5,12,100324.0266,2.97E-05,-117836.5469,-19050.25422,6.27E-06,26.46672562,HEXAGON,0.649519053,structure_HEXAGON_cube_12.70x12.70x25.40_holes5x5x12_pore1.000_thick_1.4249999999999998x1.4249999999999998x1.0363636363636362_outthick_1.0.stl,3012.486183,4096.766,668.5999857,14662.49302,22882.17694,1.91E-07,0
12.7,12.7,25.4,1,1,4,5,5,12,96635.29439,2.83E-05,-110581.8375,-20631.81388,6.04E-06,24.52234344,PENTAGON,0.65716389,structure_PENTAGON_cube_12.70x12.70x25.40_holes5x5x12_pore1.000_thick_1.4249999999999998x1.4249999999999998x1.0363636363636362_outthick_1.0.stl,3092.142971,4096.766,1782.288518,25679.73889,27852.54272,6.44E-07,0
12.7,12.7,25.4,1,1,5,5,5,12,54713.49449,1.93E-05,-78405.93701,-27322.40546,5.63E-06,20.85791116,DIAMOND,0.5,structure_DIAMOND_cube_12.70x12.70x25.40_holes5x5x12_pore1.000_thick_1.4249999999999998x1.4249999999999998x1.0363636363636362_outthick_1.0.stl,3242.266187,4096.766,1567.23539,12884.86859,15537.85067,7.98E-07,0
12.7,12.7,25.4,1.5,1,1,4,4,9,77986.69917,2.23E-05,-94744.73047,-33236.17039,1.05E-05,48.81406597,SQUARE,2.25,structure_SQUARE_cube_12.70x12.70x25.40_holes4x4x9_pore1.500_thick_1.5666666666666664x1.5666666666666664x1.2374999999999998_outthick_1.0.stl,2096.967942,4096.766,1716.487636,8546.786296,26279.75516,2.07E-06,0
12.7,12.7,25.4,1.5,1,2,4,4,9,186960.1228,5.34E-05,-195358.2656,-28264.52198,8.86E-06,40.02529865,CIRCLE,1.767145868,structure_CIRCLE_cube_12.70x12.70x25.40_holes4x4x9_pore1.500_thick_1.5666666666666664x1.5666666666666664x1.2374999999999998_outthick_1.0.stl,2457.023174,4096.766,37.19381859,11234.27157,44859.0188,1.06E-08,0
12.7,12.7,25.4,1.5,1,3,4,4,9,120713.0346,3.51E-05,-140494.1016,-24769.55895,7.70E-06,34.54020469,HEXAGON,1.461417869,structure_HEXAGON_cube_12.70x12.70x25.40_holes4x4x9_pore1.500_thick_1.5666666666666664x1.5666666666666664x1.2374999999999998_outthick_1.0.stl,2681.734638,4096.766,1086.108997,15235.8213,26504.74208,4.52E-07,0
12.7,12.7,25.4,1.5,1,4,4,4,9,122208.2213,3.59E-05,-138145.3568,-25480.37754,7.36E-06,32.09771855,PENTAGON,1.478618753,structure_PENTAGON_cube_12.70x12.70x25.40_holes4x4x9_pore1.500_thick_1.5666666666666664x1.5666666666666664x1.2374999999999998_outthick_1.0.stl,2781.79758,4096.766,1403.81378,28710.08378,33814.90848,6.24E-07,0
10,10,10,0.3,,1,7,7,7,71327.70021,0.0000573,-95973.17839,-30578.01607,0.0000077,11.3778,,0.09,structure_1_cube10.00_holes7_pore0.300_thick_1.1285714285714286.stl,886.222,1000,7033.681027,-12447.82948,16994.39433,0.00000731,0
10,10,10,0.3,,3,7,7,7,147582.3936,0.000115952,-162981.0052,-24148.19428,0.00000719,7.611392156,,0.058456715,structure_3_cube10.00_holes7_pore0.300_thick_1.1285714285714286.stl,923.8860784,1000,1527.687891,19053.33779,34070.11679,0.0000016,0
10,10,10,0.3,,4,7,7,7,157380.5971,0.000124899,-182456.849,-29898.10957,0.0000071,7.003686774,,0.05914475,structure_4_cube10.00_holes7_pore0.300_thick_1.1285714285714286.stl,929.9631323,1000,2909.23956,33037.2618,43176.5976,0.00000275,0
10,10,10,0.3,,5,7,7,7,83140.28495,0.0000769,-109662.2572,-32517.85486,0.00000697,5.919936652,,0.045,structure_5_cube10.00_holes7_pore0.300_thick_1.1285714285714286.stl,940.8006335,1000,1121.621613,15533.57941,32070.95883,0.00000329,0
10,10,10,0.4,,1,7,7,7,80829.40494,0.0000649,-110717.8268,-34446.67403,0.00000918,19.1296,,0.16,structure_1_cube10.00_holes7_pore0.400_thick_1.0285714285714285.stl,808.704,1000,5287.007064,-3950.925537,19351.54958,0.00000623,0
10,10,10,0.4,,3,7,7,7,165503.8081,0.000132314,-190303.4167,-28972.17597,0.00000813,12.94954914,,0.103923048,structure_3_cube10.00_holes7_pore0.400_thick_1.0285714285714285.stl,870.5045086,1000,1211.213033,20210.72888,41783.27299,0.000000946,0
10,10,10,0.4,,4,7,7,7,163364.2854,0.000131154,-178458.6969,-33462.52306,0.00000797,11.94117767,,0.105146222,structure_4_cube10.00_holes7_pore0.400_thick_1.0285714285714285.stl,880.5882233,1000,1486.428631,22551.41703,45565.90107,0.00000233,0
10,10,10,0.4,,5,7,7,7,78188.53522,0.0000777,-112793.3859,-40174.29152,0.00000768,10.11329475,,0.08,structure_5_cube10.00_holes7_pore0.400_thick_1.0285714285714285.stl,898.8670525,1000,2024.658778,15511.20801,23598.5665,0.00000371,0
10,10,10,0.5,,1,7,7,7,90757.32935,0.0000749,-132653.6758,-45400.32868,0.0000113,28.175,,0.25,structure_1_cube10.00_holes7_pore0.500_thick_0.9285714285714286.stl,718.25,1000,6209.095736,2302.002403,25383.28314,0.00000931,0
10,10,10,0.5,,3,7,7,7,174449.3992,0.00014254,-194687.3984,-28052.05907,0.00000946,19.32469599,,0.162379763,structure_3_cube10.00_holes7_pore0.500_thick_0.9285714285714286.stl,806.7530401,1000,1035.302082,24661.62737,42292.04732,0.000000809,0
10,10,10,0.5,,4,7,7,7,154909.6529,0.00012229,-181487.6432,-33398.02015,0.00000918,17.86147715,,0.164290973,structure_4_cube10.00_holes7_pore0.500_thick_0.9285714285714286.stl,821.3852285,1000,2210.935907,38203.89258,44108.03912,0.00000357,0
10,10,10,0.5,,5,7,7,7,99691.28273,0.0000919,-131708.4134,-36840.78733,0.00000876,15.159375,,0.125,structure_5_cube10.00_holes7_pore0.500_thick_0.9285714285714286.stl,848.40625,1000,1531.42489,18902.25494,26639.83439,0.00000388,0
10,10,10,0.6,,1,7,7,7,107347.641,0.0000887,-157573.7461,-53412.68157,0.0000144,38.10237077,,0.36,structure_1_cube10.00_holes7_pore0.600_thick_0.8285714285714285.stl,618.9762923,1000,3742.560749,7138.668413,29642.56554,0.00000825,0
10,10,10,0.6,,3,7,7,7,190900.1904,0.000151175,-220522.2292,-36690.98095,0.0000112,26.51856943,,0.233826859,structure_3_cube10.00_holes7_pore0.600_thick_0.8285714285714285.stl,734.8143057,1000,1885.139632,23559.08047,45113.18614,0.00000147,0
10,10,10,0.6,,4,7,7,7,194345.9169,0.000154981,-208292.3969,-38023.84333,0.0000108,24.57325804,,0.236579,structure_4_cube10.00_holes7_pore0.600_thick_0.8285714285714285.stl,754.2674196,1000,2385.207104,49382.87174,62109.7886,0.00000325,0
10,10,10,0.6,,5,7,7,7,101834.3969,0.0000937,-138392.0988,-51025.28194,0.00001,20.90197571,,0.18,structure_5_cube10.00_holes7_pore0.600_thick_0.8285714285714285.stl,790.9802429,1000,2035.550175,25245.76196,33018.26693,0.00000436,0
10,10,10,0.7,,1,7,7,7,128577.3584,0.000107551,-191670.4102,-63209.57112,0.0000192,48.50017001,,0.49,structure_1_cube10.00_holes7_pore0.700_thick_0.7285714285714286.stl,514.9982999,1000,3251.377968,12726.88509,46069.83523,0.0000102,0
10,10,10,0.7,,3,7,7,7,235911.5133,0.000189789,-269945.8281,-37515.25611,0.0000138,34.31296882,,0.318264336,structure_3_cube10.00_holes7_pore0.700_thick_0.7285714285714286.stl,656.8703118,1000,1050.226739,25246.46528,59134.34934,0.00000082,0
10,10,10,0.7,,4,7,7,7,222797.3466,0.000178714,-240079.9563,-44609.69277,0.0000132,31.88557206,,0.322010306,structure_4_cube10.00_holes7_pore0.700_thick_0.7285714285714286.stl,681.1442794,1000,1545.163808,57532.04134,65620.06309,0.00000341,0
10,10,10,0.7,,5,7,7,7,118711.8912,0.000112544,-168153.0063,-51016.37025,0.0000119,27.19004072,,0.245,structure_5_cube10.00_holes7_pore0.700_thick_0.7285714285714286.stl,728.0995928,1000,2016.659973,30338.88048,40694.55429,0.00000471,0
10,10,10,0.8,,1,7,7,7,175465.4386,0.000147095,-230484.8802,-66561.24879,0.0000267,58.9568,,0.64,structure_1_cube10.00_holes7_pore0.800_thick_0.6285714285714284.stl,410.432,1000,5103.888078,29278.80339,74793.17664,0.0000104,0
10,10,10,0.8,,3,7,7,7,273724.6857,0.000223271,-302286.1094,-46684.52804,0.0000175,42.48977309,,0.415692194,structure_3_cube10.00_holes7_pore0.800_thick_0.6285714285714284.stl,575.1022691,1000,1188.674296,31266.36348,77203.7781,0.00000163,0
10,10,10,0.8,,4,7,7,7,238959.1075,0.000197323,-260319.2422,-49458.13781,0.0000164,39.60710275,,0.42058489,structure_4_cube10.00_holes7_pore0.800_thick_0.6285714285714284.stl,603.9289725,1000,1254.386958,56143.71907,87119.22589,0.00000423,0
10,10,10,0.8,,5,7,7,7,133694.4239,0.000129167,-188748.293,-57732.3297,0.0000144,33.86790355,,0.32,structure_5_cube10.00_holes7_pore0.800_thick_0.6285714285714284.stl,661.3209645,1000,1180.945246,32692.26381,42681.71606,0.0000041,0
10,10,10,0.8,,1,8,8,8,438473.9222,0.000344886,-427882.4152,-122817.5234,0.0000455,70.45122765,,0.64,structure_1_cube10.00_holes8_pore0.800_thick_0.44999999999999996.stl,295.4877235,1000,2863.70448,138121.375,296052.5253,0.00000413,0
10,10,10,0.8,,3,8,8,8,395724.2402,0.000313401,-428950.225,-68927.25939,0.0000233,52.02315334,,0.415692194,structure_3_cube10.00_holes8_pore0.800_thick_0.44999999999999996.stl,479.7684666,1000,846.6694477,32899.44477,115468.3434,0.00000276,0
10,10,10,0.8,,4,8,8,8,304738.6616,0.000244162,-340289.349,-88247.07112,0.0000217,48.68775153,,0.42058489,structure_4_cube10.00_holes8_pore0.800_thick_0.44999999999999996.stl,513.1224847,1000,1290.826043,66913.83359,92127.39306,0.0000036,0
10,10,10,0.8,,5,8,8,8,165725.0871,0.000149279,-220878.0846,-78126.30274,0.0000187,41.7778135,,0.32,structure_5_cube10.00_holes8_pore0.800_thick_0.44999999999999996.stl,582.221865,1000,674.3531264,42510.46722,53744.87116,0.0000057,0
